Date,Open,High,Low,Close,Volume,Adj_Close
2016-04-01,0.01,0.01,0.01,0.01,000,0.01
2016-03-31,0.01,0.01,0.01,0.01,000,0.01
2016-03-30,0.01,0.01,0.01,0.01,000,0.01
2016-03-29,0.01,0.01,0.01,0.01,000,0.01
2016-03-28,0.01,0.01,0.01,0.01,000,0.01
2016-03-24,0.01,0.01,0.01,0.01,1000,0.01
2016-03-23,0.01,0.01,0.01,0.01,000,0.01
2016-03-22,0.01,0.01,0.01,0.01,000,0.01
2016-03-21,0.01,0.01,0.01,0.01,000,0.01
2016-03-18,0.01,0.01,0.01,0.01,000,0.01
2016-03-17,0.01,0.01,0.01,0.01,000,0.01
2016-03-16,0.01,0.01,0.01,0.01,000,0.01
2016-03-15,0.01,0.01,0.01,0.01,80000,0.01
2016-03-14,0.01,0.01,0.01,0.01,000,0.01
2016-03-11,0.01,0.01,0.01,0.01,000,0.01
2016-03-10,0.01,0.01,0.01,0.01,000,0.01
2016-03-09,0.01,0.01,0.01,0.01,000,0.01
2016-03-08,0.01,0.01,0.01,0.01,000,0.01
2016-03-07,0.01,0.01,0.01,0.01,91000,0.01
2016-03-04,0.01,0.01,0.01,0.01,10000,0.01
2016-03-03,0.01,0.01,0.01,0.01,000,0.01
2016-03-02,0.01,0.01,0.01,0.01,000,0.01
2016-03-01,0.01,0.01,0.01,0.01,000,0.01
2016-02-29,0.01,0.01,0.01,0.01,000,0.01
2016-02-26,0.01,0.01,0.01,0.01,000,0.01
2016-02-25,0.01,0.01,0.01,0.01,000,0.01
2016-02-24,0.01,0.01,0.01,0.01,000,0.01
2016-02-23,0.01,0.01,0.01,0.01,000,0.01
2016-02-22,0.01,0.01,0.01,0.01,27000,0.01
2016-02-19,0.01,0.01,0.01,0.01,000,0.01
2016-02-18,0.01,0.01,0.01,0.01,000,0.01
2016-02-17,0.01,0.01,0.01,0.01,000,0.01
2016-02-16,0.01,0.01,0.01,0.01,000,0.01
2016-02-12,0.01,0.01,0.01,0.01,000,0.01
2016-02-11,0.01,0.01,0.01,0.01,000,0.01
2016-02-10,0.01,0.01,0.01,0.01,000,0.01
2016-02-09,0.01,0.01,0.01,0.01,000,0.01
2016-02-08,0.01,0.01,0.01,0.01,000,0.01
2016-02-05,0.01,0.01,0.01,0.01,000,0.01
2016-02-04,0.01,0.01,0.01,0.01,000,0.01
2016-02-03,0.01,0.01,0.01,0.01,000,0.01
2016-02-02,0.01,0.01,0.01,0.01,000,0.01
2016-02-01,0.01,0.01,0.01,0.01,000,0.01
2016-01-29,0.01,0.01,0.01,0.01,000,0.01
2016-01-28,0.01,0.01,0.01,0.01,1400,0.01
2016-01-27,0.01,0.01,0.01,0.01,000,0.01
2016-01-26,0.01,0.01,0.01,0.01,000,0.01
2016-01-25,0.01,0.01,0.01,0.01,000,0.01
2016-01-22,0.01,0.01,0.01,0.01,000,0.01
2016-01-21,0.01,0.01,0.01,0.01,000,0.01
2016-01-20,0.01,0.01,0.01,0.01,000,0.01
2016-01-19,0.01,0.01,0.01,0.01,000,0.01
2016-01-15,0.01,0.01,0.01,0.01,000,0.01
2016-01-14,0.01,0.01,0.01,0.01,000,0.01
2016-01-13,0.01,0.01,0.01,0.01,000,0.01
2016-01-12,0.01,0.01,0.01,0.01,000,0.01
2016-01-11,0.01,0.01,0.01,0.01,000,0.01
2016-01-08,0.01,0.01,0.01,0.01,4000,0.01
2016-01-07,0.01,0.01,0.01,0.01,000,0.01
2016-01-06,0.01,0.01,0.01,0.01,000,0.01
2016-01-05,0.01,0.01,0.01,0.01,000,0.01
2016-01-04,0.01,0.01,0.01,0.01,000,0.01
2015-12-31,0.01,0.01,0.01,0.01,000,0.01
2015-12-30,0.01,0.01,0.01,0.01,000,0.01
2015-12-29,0.01,0.01,0.01,0.01,000,0.01
2015-12-28,0.01,0.01,0.01,0.01,000,0.01
2015-12-24,0.01,0.01,0.01,0.01,000,0.01
2015-12-23,0.01,0.01,0.01,0.01,000,0.01
2015-12-22,0.01,0.01,0.01,0.01,000,0.01
2015-12-21,0.01,0.01,0.01,0.01,000,0.01
2015-12-18,0.01,0.01,0.01,0.01,000,0.01
2015-12-17,0.01,0.01,0.01,0.01,000,0.01
2015-12-16,0.01,0.01,0.01,0.01,000,0.01
2015-12-15,0.01,0.01,0.01,0.01,000,0.01
2015-12-14,0.01,0.01,0.01,0.01,000,0.01
2015-12-11,0.01,0.01,0.01,0.01,000,0.01
2015-12-10,0.01,0.01,0.01,0.01,000,0.01
2015-12-09,0.01,0.01,0.01,0.01,000,0.01
2015-12-08,0.01,0.01,0.01,0.01,000,0.01
2015-12-07,0.01,0.01,0.01,0.01,26300,0.01
2015-12-04,0.01,0.01,0.01,0.01,000,0.01
2015-12-03,0.01,0.01,0.01,0.01,000,0.01
2015-12-02,0.01,0.01,0.01,0.01,000,0.01
2015-12-01,0.01,0.01,0.01,0.01,000,0.01
2015-11-30,0.01,0.01,0.01,0.01,000,0.01
2015-11-27,0.01,0.01,0.01,0.01,000,0.01
2015-11-25,0.01,0.01,0.01,0.01,000,0.01
2015-11-24,0.01,0.01,0.01,0.01,000,0.01
2015-11-23,0.01,0.01,0.01,0.01,000,0.01
2015-11-20,0.01,0.01,0.01,0.01,000,0.01
2015-11-19,0.01,0.01,0.01,0.01,000,0.01
2015-11-18,0.01,0.01,0.01,0.01,000,0.01
2015-11-17,0.01,0.01,0.01,0.01,000,0.01
2015-11-16,0.01,0.01,0.01,0.01,19500,0.01
2015-11-13,0.01,0.01,0.01,0.01,000,0.01
2015-11-12,0.01,0.01,0.01,0.01,000,0.01
2015-11-11,0.01,0.01,0.01,0.01,000,0.01
2015-11-10,0.01,0.01,0.01,0.01,000,0.01
2015-11-09,0.01,0.01,0.01,0.01,000,0.01
2015-11-06,0.01,0.01,0.01,0.01,000,0.01
2015-11-05,0.01,0.01,0.01,0.01,000,0.01
2015-11-04,0.01,0.01,0.01,0.01,6700,0.01
2015-11-03,0.01,0.01,0.01,0.01,000,0.01
2015-11-02,0.01,0.01,0.01,0.01,000,0.01
2015-10-30,0.01,0.01,0.01,0.01,000,0.01
2015-10-29,0.01,0.01,0.01,0.01,000,0.01
2015-10-28,0.01,0.01,0.01,0.01,000,0.01
2015-10-27,0.01,0.01,0.01,0.01,000,0.01
2015-10-26,0.01,0.01,0.01,0.01,000,0.01
2015-10-23,0.01,0.01,0.01,0.01,000,0.01
2015-10-22,0.01,0.01,0.01,0.01,000,0.01
2015-10-21,0.01,0.01,0.01,0.01,000,0.01
2015-10-20,0.01,0.01,0.01,0.01,000,0.01
2015-10-19,0.01,0.01,0.01,0.01,000,0.01
2015-10-16,0.01,0.01,0.01,0.01,000,0.01
2015-10-15,0.01,0.01,0.01,0.01,000,0.01
2015-10-14,0.01,0.01,0.01,0.01,000,0.01
2015-10-13,0.01,0.01,0.01,0.01,000,0.01
2015-10-12,0.01,0.01,0.01,0.01,000,0.01
2015-10-09,0.01,0.01,0.01,0.01,4000,0.01
2015-10-08,0.01,0.01,0.01,0.01,000,0.01
2015-10-07,0.01,0.01,0.01,0.01,000,0.01
2015-10-06,0.01,0.01,0.01,0.01,000,0.01
2015-10-05,0.01,0.01,0.01,0.01,000,0.01
2015-10-02,0.01,0.01,0.01,0.01,000,0.01
2015-10-01,0.01,0.01,0.01,0.01,000,0.01
2015-09-30,0.01,0.01,0.01,0.01,000,0.01
2015-09-29,0.01,0.01,0.01,0.01,000,0.01
2015-09-28,0.01,0.01,0.01,0.01,000,0.01
2015-09-25,0.01,0.01,0.01,0.01,000,0.01
2015-09-24,0.01,0.01,0.01,0.01,000,0.01
2015-09-23,0.01,0.01,0.01,0.01,000,0.01
2015-09-22,0.01,0.01,0.01,0.01,000,0.01
2015-09-21,0.01,0.01,0.01,0.01,000,0.01
2015-09-18,0.01,0.01,0.01,0.01,000,0.01
2015-09-17,0.01,0.01,0.01,0.01,000,0.01
2015-09-16,0.01,0.01,0.01,0.01,000,0.01
2015-09-15,0.01,0.01,0.01,0.01,000,0.01
2015-09-14,0.02,0.02,0.01,0.01,100000,0.01
2015-09-11,0.02,0.02,0.02,0.02,000,0.02
2015-09-10,0.02,0.02,0.02,0.02,000,0.02
2015-09-09,0.02,0.02,0.02,0.02,000,0.02
2015-09-08,0.02,0.02,0.02,0.02,000,0.02
2015-09-04,0.02,0.02,0.02,0.02,000,0.02
2015-09-03,0.02,0.02,0.02,0.02,000,0.02
2015-09-02,0.02,0.02,0.02,0.02,000,0.02
2015-09-01,0.02,0.02,0.02,0.02,000,0.02
2015-08-31,0.02,0.02,0.02,0.02,000,0.02
2015-08-28,0.02,0.02,0.02,0.02,000,0.02
2015-08-27,0.02,0.02,0.02,0.02,000,0.02
2015-08-26,0.02,0.02,0.02,0.02,000,0.02
2015-08-25,0.02,0.02,0.02,0.02,600,0.02
2015-08-24,0.02,0.02,0.02,0.02,20000,0.02
2015-08-21,0.02,0.02,0.02,0.02,000,0.02
2015-08-20,0.02,0.02,0.02,0.02,000,0.02
2015-08-19,0.02,0.02,0.02,0.02,000,0.02
2015-08-18,0.02,0.02,0.02,0.02,000,0.02
2015-08-17,0.02,0.02,0.02,0.02,000,0.02
2015-08-14,0.02,0.02,0.02,0.02,000,0.02
2015-08-13,0.02,0.02,0.02,0.02,100,0.02
2015-08-12,0.02,0.02,0.02,0.02,000,0.02
2015-08-11,0.02,0.02,0.02,0.02,000,0.02
2015-08-10,0.02,0.02,0.02,0.02,000,0.02
2015-08-07,0.02,0.02,0.02,0.02,000,0.02
2015-08-06,0.02,0.02,0.02,0.02,4200,0.02
2015-08-05,0.02,0.02,0.02,0.02,000,0.02
2015-08-04,0.02,0.02,0.02,0.02,000,0.02
2015-08-03,0.02,0.02,0.02,0.02,500,0.02
2015-07-31,0.02,0.02,0.02,0.02,000,0.02
2015-07-30,0.02,0.02,0.02,0.02,000,0.02
2015-07-29,0.02,0.02,0.02,0.02,000,0.02
2015-07-28,0.02,0.02,0.02,0.02,000,0.02
2015-07-27,0.02,0.02,0.02,0.02,000,0.02
2015-07-24,0.02,0.02,0.02,0.02,000,0.02
2015-07-23,0.02,0.02,0.02,0.02,000,0.02
2015-07-22,0.02,0.02,0.02,0.02,000,0.02
2015-07-21,0.02,0.02,0.02,0.02,000,0.02
2015-07-20,27.209999,27.219999,26.57,26.860001,5188400,26.860001
2015-07-17,0.02,0.02,0.02,0.02,000,0.02
2015-07-16,0.02,0.02,0.02,0.02,1000,0.02
2015-07-15,0.02,0.02,0.02,0.02,000,0.02
2015-07-14,0.02,0.02,0.02,0.02,000,0.02
2015-07-13,0.02,0.02,0.02,0.02,000,0.02
2015-07-10,0.02,0.02,0.02,0.02,000,0.02
2015-07-09,0.02,0.02,0.02,0.02,000,0.02
2015-07-08,0.02,0.02,0.02,0.02,000,0.02
2015-07-07,0.02,0.02,0.02,0.02,000,0.02
2015-07-06,0.02,0.02,0.02,0.02,4300,0.02
2015-07-02,0.02,0.02,0.02,0.02,000,0.02
2015-07-01,0.02,0.02,0.02,0.02,000,0.02
2015-06-30,0.02,0.02,0.02,0.02,000,0.02
2015-06-29,0.02,0.02,0.02,0.02,000,0.02
2015-06-26,0.02,0.02,0.02,0.02,000,0.02
2015-06-25,0.02,0.02,0.02,0.02,000,0.02
2015-06-24,0.02,0.02,0.02,0.02,000,0.02
2015-06-23,0.02,0.02,0.02,0.02,000,0.02
2015-06-22,0.02,0.02,0.02,0.02,000,0.02
2015-06-19,0.02,0.02,0.02,0.02,000,0.02
2015-06-18,0.02,0.02,0.02,0.02,500,0.02
2015-06-17,0.02,0.02,0.02,0.02,200,0.02
2015-06-16,0.02,0.02,0.02,0.02,000,0.02
2015-06-15,0.02,0.02,0.02,0.02,000,0.02
2015-06-12,0.02,0.02,0.02,0.02,000,0.02
2015-06-11,0.02,0.02,0.02,0.02,000,0.02
2015-06-10,0.02,0.02,0.02,0.02,000,0.02
2015-06-09,0.02,0.02,0.02,0.02,000,0.02
2015-06-08,0.02,0.02,0.02,0.02,000,0.02
2015-06-05,0.02,0.02,0.02,0.02,000,0.02
2015-06-04,0.02,0.02,0.02,0.02,000,0.02
2015-06-03,0.02,0.02,0.02,0.02,000,0.02
2015-06-02,0.02,0.02,0.02,0.02,30700,0.02
2015-06-01,0.02,0.02,0.02,0.02,000,0.02
2015-05-29,0.02,0.02,0.02,0.02,000,0.02
2015-05-28,0.02,0.02,0.02,0.02,000,0.02
2015-05-27,0.02,0.02,0.02,0.02,000,0.02
2015-05-26,0.02,0.02,0.02,0.02,000,0.02
2015-05-22,0.02,0.02,0.02,0.02,000,0.02
2015-05-21,0.02,0.02,0.02,0.02,000,0.02
2015-05-20,0.02,0.02,0.02,0.02,000,0.02
2015-05-19,0.02,0.02,0.02,0.02,000,0.02
2015-05-18,0.02,0.02,0.02,0.02,000,0.02
2015-05-15,0.02,0.02,0.02,0.02,000,0.02
2015-05-14,0.02,0.02,0.02,0.02,8100,0.02
2015-05-13,0.02,0.02,0.02,0.02,000,0.02
2015-05-12,0.02,0.02,0.02,0.02,000,0.02
2015-05-11,0.02,0.02,0.02,0.02,1400,0.02
2015-05-08,0.02,0.02,0.02,0.02,000,0.02
2015-05-07,0.02,0.02,0.02,0.02,000,0.02
2015-05-06,0.02,0.02,0.02,0.02,000,0.02
2015-05-05,0.02,0.02,0.02,0.02,4000,0.02
2015-05-04,0.02,0.02,0.02,0.02,600,0.02
2015-05-01,0.02,0.02,0.02,0.02,000,0.02
2015-04-30,0.02,0.02,0.02,0.02,000,0.02
2015-04-29,0.02,0.02,0.02,0.02,000,0.02
2015-04-28,0.02,0.02,0.02,0.02,1000,0.02
2015-04-27,0.02,0.02,0.02,0.02,000,0.02
2015-04-24,0.02,0.02,0.02,0.02,000,0.02
2015-04-23,0.02,0.02,0.02,0.02,000,0.02
2015-04-22,0.02,0.02,0.02,0.02,000,0.02
2015-04-21,0.02,0.02,0.02,0.02,000,0.02
2015-04-20,0.02,0.02,0.02,0.02,000,0.02
2015-04-17,0.02,0.02,0.02,0.02,5000,0.02
2015-04-16,0.02,0.02,0.02,0.02,000,0.02
2015-04-15,0.02,0.02,0.02,0.02,000,0.02
2015-04-14,0.02,0.02,0.02,0.02,000,0.02
2015-04-13,0.02,0.02,0.02,0.02,000,0.02
2015-04-10,0.02,0.02,0.02,0.02,5000,0.02
2015-04-09,0.02,0.02,0.02,0.02,000,0.02
2015-04-08,0.02,0.02,0.02,0.02,000,0.02
2015-04-07,0.02,0.02,0.02,0.02,85400,0.02
2015-04-06,0.02,0.02,0.02,0.02,300,0.02
2015-04-02,0.02,0.02,0.02,0.02,000,0.02
2015-04-01,0.02,0.02,0.02,0.02,000,0.02
2015-03-31,0.02,0.02,0.02,0.02,000,0.02
2015-03-30,0.02,0.02,0.02,0.02,000,0.02
2015-03-27,0.02,0.02,0.02,0.02,000,0.02
2015-03-26,0.02,0.02,0.02,0.02,000,0.02
2015-03-25,0.02,0.02,0.02,0.02,000,0.02
2015-03-24,0.02,0.02,0.02,0.02,000,0.02
2015-03-23,0.02,0.02,0.02,0.02,8000,0.02
2015-03-20,0.02,0.02,0.02,0.02,000,0.02
2015-03-19,0.02,0.02,0.02,0.02,000,0.02
2015-03-18,0.02,0.02,0.02,0.02,000,0.02
2015-03-17,0.02,0.02,0.02,0.02,000,0.02
2015-03-16,0.02,0.02,0.02,0.02,000,0.02
2015-03-13,0.02,0.02,0.02,0.02,000,0.02
2015-03-12,0.02,0.02,0.02,0.02,000,0.02
2015-03-11,0.03,0.03,0.02,0.02,50600,0.02
2015-03-10,0.03,0.03,0.03,0.03,000,0.03
2015-03-09,0.03,0.03,0.03,0.03,000,0.03
2015-03-06,0.03,0.03,0.03,0.03,10000,0.03
2015-03-05,0.03,0.03,0.03,0.03,3100,0.03
2015-03-04,0.03,0.03,0.03,0.03,400,0.03
2015-03-03,0.03,0.03,0.03,0.03,000,0.03
2015-03-02,0.03,0.03,0.03,0.03,16300,0.03
2015-02-27,0.03,0.03,0.03,0.03,000,0.03
2015-02-26,0.03,0.03,0.03,0.03,000,0.03
2015-02-25,0.03,0.03,0.03,0.03,000,0.03
2015-02-24,0.03,0.03,0.03,0.03,000,0.03
2015-02-23,0.03,0.03,0.03,0.03,000,0.03
2015-02-20,0.03,0.03,0.03,0.03,000,0.03
2015-02-19,0.03,0.03,0.03,0.03,20500,0.03
2015-02-18,0.04,0.04,0.03,0.03,100000,0.03
2015-02-17,0.04,0.04,0.04,0.04,1800,0.04
2015-02-13,0.04,0.04,0.04,0.04,000,0.04
2015-02-12,0.04,0.04,0.04,0.04,000,0.04
2015-02-11,0.04,0.04,0.04,0.04,2100,0.04
2015-02-10,0.04,0.04,0.04,0.04,11400,0.04
2015-02-09,0.04,0.04,0.04,0.04,000,0.04
2015-02-06,0.04,0.04,0.04,0.04,000,0.04
2015-02-05,0.04,0.04,0.04,0.04,2800,0.04
2015-02-04,0.03,0.04,0.03,0.04,33900,0.04
2015-02-03,0.04,0.04,0.04,0.04,000,0.04
2015-02-02,0.04,0.04,0.04,0.04,000,0.04
2015-01-30,0.04,0.04,0.04,0.04,000,0.04
2015-01-29,0.04,0.04,0.04,0.04,000,0.04
2015-01-28,0.04,0.04,0.04,0.04,000,0.04
2015-01-27,0.04,0.04,0.04,0.04,000,0.04
2015-01-26,0.04,0.04,0.04,0.04,12500,0.04
2015-01-23,0.03,0.03,0.03,0.03,000,0.03
2015-01-22,0.03,0.03,0.03,0.03,6500,0.03
2015-01-21,0.04,0.04,0.04,0.04,000,0.04
2015-01-20,0.04,0.04,0.04,0.04,000,0.04
2015-01-16,0.04,0.04,0.04,0.04,000,0.04
2015-01-15,0.04,0.04,0.04,0.04,000,0.04
2015-01-14,0.04,0.04,0.04,0.04,000,0.04
2015-01-13,0.04,0.04,0.04,0.04,22800,0.04
2015-01-12,0.04,0.04,0.04,0.04,000,0.04
2015-01-09,0.04,0.04,0.04,0.04,000,0.04
2015-01-08,0.04,0.04,0.04,0.04,000,0.04
2015-01-07,0.04,0.04,0.04,0.04,1300,0.04
2015-01-06,0.05,0.05,0.04,0.04,131900,0.04
2015-01-05,0.05,0.05,0.05,0.05,000,0.05
2015-01-02,0.05,0.05,0.05,0.05,000,0.05
2014-12-31,0.05,0.05,0.05,0.05,2600,0.05
2014-12-30,0.05,0.05,0.05,0.05,000,0.05
2014-12-29,0.05,0.05,0.05,0.05,2100,0.05
2014-12-26,0.04,0.04,0.04,0.04,000,0.04
2014-12-24,0.04,0.04,0.04,0.04,000,0.04
2014-12-23,0.04,0.04,0.04,0.04,000,0.04
2014-12-22,0.04,0.04,0.04,0.04,000,0.04
2014-12-19,0.04,0.04,0.04,0.04,000,0.04
2014-12-18,0.04,0.04,0.04,0.04,300,0.04
2014-12-17,0.05,0.05,0.05,0.05,000,0.05
2014-12-16,0.05,0.05,0.05,0.05,000,0.05
2014-12-15,0.05,0.05,0.05,0.05,000,0.05
2014-12-12,0.05,0.05,0.05,0.05,000,0.05
2014-12-11,0.05,0.05,0.05,0.05,000,0.05
2014-12-10,0.05,0.05,0.05,0.05,20000,0.05
2014-12-09,0.05,0.05,0.05,0.05,20000,0.05
2014-12-08,0.06,0.06,0.05,0.06,41400,0.06
2014-12-05,0.06,0.07,0.06,0.07,9500,0.07
2014-12-04,0.06,0.06,0.06,0.06,000,0.06
2014-12-03,0.06,0.06,0.06,0.06,29000,0.06
2014-12-02,0.06,0.06,0.06,0.06,1300,0.06
2014-12-01,0.07,0.07,0.07,0.07,000,0.07
2014-11-28,0.07,0.07,0.07,0.07,000,0.07
2014-11-26,0.07,0.07,0.07,0.07,000,0.07
2014-11-25,0.07,0.07,0.07,0.07,000,0.07
2014-11-24,0.07,0.10,0.07,0.07,48000,0.07
2014-11-21,0.10,0.10,0.10,0.10,000,0.10
2014-11-20,0.10,0.10,0.10,0.10,1000,0.10
2014-11-19,0.08,0.08,0.08,0.08,000,0.08
2014-11-18,0.08,0.08,0.08,0.08,000,0.08
2014-11-17,0.08,0.08,0.08,0.08,000,0.08
2014-11-14,0.08,0.08,0.08,0.08,000,0.08
2014-11-13,0.08,0.08,0.08,0.08,000,0.08
2014-11-12,0.08,0.08,0.08,0.08,000,0.08
2014-11-11,0.08,0.08,0.08,0.08,000,0.08
2014-11-10,0.08,0.08,0.08,0.08,000,0.08
2014-11-07,0.08,0.08,0.08,0.08,000,0.08
2014-11-06,0.08,0.09,0.08,0.08,29500,0.08
2014-11-05,0.12,0.12,0.12,0.12,300,0.12
2014-11-04,0.12,0.12,0.12,0.12,000,0.12
2014-11-03,0.08,0.12,0.08,0.12,3500,0.12
2014-10-31,0.12,0.12,0.12,0.12,2000,0.12
2014-10-30,0.10,0.10,0.10,0.10,000,0.10
2014-10-29,0.10,0.10,0.10,0.10,000,0.10
2014-10-28,0.10,0.10,0.10,0.10,000,0.10
2014-10-27,0.10,0.10,0.10,0.10,2700,0.10
2014-10-24,0.14,0.14,0.07,0.14,53900,0.14
2014-10-23,0.14,0.14,0.14,0.14,400,0.14
2014-10-22,0.14,0.14,0.11,0.11,16000,0.11
2014-10-21,0.11,0.13,0.08,0.08,53200,0.08
2014-10-20,0.14,0.14,0.11,0.11,32900,0.11
2014-10-17,0.11,0.14,0.11,0.14,143400,0.14
2014-10-16,0.08,0.11,0.08,0.11,210700,0.11
2014-10-15,0.06,0.06,0.06,0.06,000,0.06
2014-10-14,0.06,0.06,0.06,0.06,5000,0.06
2014-10-13,0.07,0.08,0.07,0.07,41000,0.07
2014-10-10,0.05,0.07,0.05,0.07,45900,0.07
2014-10-09,0.08,0.08,0.08,0.08,1000,0.08
2014-10-08,0.06,0.06,0.06,0.06,000,0.06
2014-10-07,0.06,0.06,0.06,0.06,000,0.06
2014-10-06,0.06,0.06,0.06,0.06,000,0.06
2014-10-03,0.06,0.06,0.06,0.06,000,0.06
2014-10-02,0.06,0.06,0.06,0.06,000,0.06
2014-10-01,0.06,0.06,0.06,0.06,000,0.06
2014-09-30,0.06,0.06,0.06,0.06,000,0.06
2014-09-29,0.06,0.06,0.06,0.06,10000,0.06
2014-09-26,0.05,0.05,0.05,0.05,000,0.05
2014-09-25,0.05,0.07,0.05,0.05,50500,0.05
2014-09-24,0.04,0.04,0.04,0.04,000,0.04
2014-09-23,0.05,0.05,0.04,0.04,11000,0.04
2014-09-22,0.08,0.08,0.08,0.08,000,0.08
2014-09-19,0.05,0.08,0.05,0.08,4500,0.08
2014-09-18,0.05,0.08,0.05,0.08,5100,0.08
2014-09-17,0.08,0.08,0.08,0.08,000,0.08
2014-09-16,0.07,0.08,0.07,0.08,5200,0.08
2014-09-15,0.05,0.08,0.05,0.08,76200,0.08
2014-09-12,0.05,0.05,0.05,0.05,000,0.05
2014-09-11,0.05,0.05,0.05,0.05,000,0.05
2014-09-10,0.04,0.05,0.04,0.05,36000,0.05
2014-09-09,0.05,0.07,0.04,0.07,18400,0.07
2014-09-08,0.05,0.07,0.05,0.05,114100,0.05
2014-09-05,0.03,0.03,0.03,0.03,700,0.03
2014-09-04,0.03,0.03,0.03,0.03,000,0.03
2014-09-03,0.03,0.03,0.03,0.03,000,0.03
2014-09-02,0.03,0.03,0.03,0.03,000,0.03
2014-08-29,0.03,0.03,0.03,0.03,000,0.03
2014-08-28,0.03,0.03,0.03,0.03,1500,0.03
2014-08-27,0.03,0.03,0.03,0.03,1900,0.03
2014-08-26,0.05,0.05,0.05,0.05,11700,0.05
2014-08-25,0.03,0.03,0.03,0.03,000,0.03
2014-08-22,0.03,0.03,0.03,0.03,2500,0.03
2014-08-21,0.04,0.04,0.03,0.03,118800,0.03
2014-08-20,0.04,0.04,0.04,0.04,000,0.04
2014-08-19,0.04,0.04,0.04,0.04,000,0.04
2014-08-18,0.04,0.04,0.04,0.04,000,0.04
2014-08-15,0.05,0.05,0.04,0.04,60000,0.04
2014-08-14,0.05,0.05,0.05,0.05,1000,0.05
2014-08-13,0.05,0.05,0.05,0.05,000,0.05
2014-08-12,0.05,0.05,0.05,0.05,000,0.05
2014-08-11,0.05,0.05,0.05,0.05,32300,0.05
2014-08-08,0.05,0.05,0.05,0.05,000,0.05
2014-08-07,0.05,0.05,0.05,0.05,000,0.05
2014-08-06,0.05,0.05,0.05,0.05,000,0.05
2014-08-05,0.05,0.05,0.05,0.05,000,0.05
2014-08-04,0.05,0.05,0.05,0.05,000,0.05
2014-08-01,0.05,0.05,0.05,0.05,6500,0.05
2014-07-31,0.05,0.05,0.05,0.05,300,0.05
2014-07-30,0.05,0.05,0.05,0.05,31300,0.05
2014-07-29,0.06,0.06,0.06,0.06,000,0.06
2014-07-28,0.06,0.06,0.06,0.06,000,0.06
2014-07-25,0.06,0.06,0.06,0.06,000,0.06
2014-07-24,0.06,0.06,0.06,0.06,000,0.06
2014-07-23,0.05,0.06,0.05,0.06,50500,0.06
2014-07-22,0.05,0.05,0.05,0.05,000,0.05
2014-07-21,0.05,0.05,0.05,0.05,000,0.05
2014-07-18,0.05,0.05,0.05,0.05,000,0.05
2014-07-17,0.05,0.05,0.05,0.05,000,0.05
2014-07-16,0.05,0.05,0.05,0.05,000,0.05
2014-07-15,0.05,0.05,0.05,0.05,2500,0.05
2014-07-14,0.05,0.05,0.05,0.05,000,0.05
2014-07-11,0.06,0.06,0.05,0.05,32000,0.05
2014-07-10,0.05,0.05,0.05,0.05,3300,0.05
2014-07-09,0.05,0.05,0.05,0.05,000,0.05
2014-07-08,0.05,0.05,0.05,0.05,29300,0.05
2014-07-07,0.05,0.05,0.05,0.05,000,0.05
2014-07-03,0.05,0.05,0.05,0.05,000,0.05
2014-07-02,0.05,0.05,0.05,0.05,12600,0.05
2014-07-01,0.05,0.05,0.05,0.05,000,0.05
2014-06-30,0.05,0.05,0.05,0.05,000,0.05
2014-06-27,0.05,0.05,0.05,0.05,21700,0.05
2014-06-26,0.07,0.07,0.07,0.07,000,0.07
2014-06-25,0.07,0.07,0.07,0.07,000,0.07
2014-06-24,0.07,0.07,0.07,0.07,1100,0.07
2014-06-23,0.05,0.05,0.05,0.05,1900,0.05
2014-06-20,0.06,0.06,0.06,0.06,1000,0.06
2014-06-19,0.06,0.06,0.06,0.06,5100,0.06
2014-06-18,0.06,0.07,0.06,0.07,45900,0.07
2014-06-17,0.05,0.05,0.05,0.05,000,0.05
2014-06-16,0.05,0.05,0.05,0.05,42000,0.05
2014-06-13,0.05,0.05,0.05,0.05,13000,0.05
2014-06-12,0.07,0.07,0.07,0.07,000,0.07
2014-06-11,0.07,0.07,0.07,0.07,000,0.07
2014-06-10,0.07,0.07,0.07,0.07,000,0.07
2014-06-09,0.07,0.08,0.07,0.07,41000,0.07
2014-06-06,0.06,0.07,0.05,0.07,17200,0.07
2014-06-05,0.06,0.06,0.06,0.06,000,0.06
2014-06-04,0.06,0.08,0.06,0.06,13600,0.06
2014-06-03,0.07,0.07,0.06,0.06,37600,0.06
2014-06-02,0.07,0.07,0.07,0.07,14300,0.07
2014-05-30,0.07,0.08,0.05,0.07,276500,0.07
2014-05-29,0.07,0.07,0.06,0.06,114300,0.06
2014-05-28,0.09,0.10,0.09,0.10,23900,0.10
2014-05-27,0.07,0.07,0.07,0.07,4300,0.07
2014-05-23,0.07,0.07,0.07,0.07,2500,0.07
2014-05-22,0.09,0.10,0.07,0.10,82000,0.10
2014-05-21,0.08,0.09,0.06,0.09,197900,0.09
2014-05-20,0.09,0.09,0.09,0.09,000,0.09
2014-05-19,0.10,0.10,0.08,0.09,29200,0.09
2014-05-16,0.09,0.11,0.09,0.09,55500,0.09
2014-05-15,0.11,0.12,0.10,0.10,50800,0.10
2014-05-14,0.08,0.11,0.08,0.11,250500,0.11
2014-05-13,0.11,0.11,0.08,0.08,19600,0.08
2014-05-12,0.10,0.11,0.10,0.11,5200,0.11
2014-05-09,0.10,0.10,0.10,0.10,5000,0.10
2014-05-08,0.10,0.11,0.09,0.11,12700,0.11
2014-05-07,0.10,0.11,0.08,0.11,182100,0.11
2014-05-06,0.10,0.11,0.10,0.11,33300,0.11
2014-05-05,0.10,0.10,0.09,0.10,10800,0.10
2014-05-02,0.09,0.12,0.08,0.10,134300,0.10
2014-05-01,0.11,0.11,0.10,0.10,27700,0.10
2014-04-30,0.08,0.12,0.08,0.12,160200,0.12
2014-04-29,0.11,0.11,0.08,0.08,10500,0.08
2014-04-28,0.07,0.11,0.07,0.11,65100,0.11
2014-04-25,0.09,0.09,0.07,0.09,218600,0.09
2014-04-24,0.11,0.11,0.08,0.10,65000,0.10
2014-04-23,0.11,0.11,0.10,0.10,35100,0.10
2014-04-22,0.11,0.12,0.09,0.11,173800,0.11
2014-04-21,0.17,0.17,0.10,0.11,401300,0.11
2014-04-17,0.16,0.18,0.11,0.16,274300,0.16
2014-04-16,0.18,0.19,0.13,0.16,544800,0.16
2014-04-15,0.16,0.18,0.12,0.18,785600,0.18
2014-04-14,0.09,0.23,0.09,0.16,3207000,0.16
2014-04-11,0.07,0.07,0.07,0.07,35300,0.07
2014-04-10,0.08,0.09,0.08,0.09,55000,0.09
2014-04-09,0.07,0.07,0.07,0.07,000,0.07
2014-04-08,0.07,0.07,0.07,0.07,000,0.07
2014-04-07,0.07,0.07,0.07,0.07,000,0.07
2014-04-04,0.07,0.07,0.07,0.07,1000,0.07
2014-04-03,0.10,0.10,0.10,0.10,000,0.10
2014-04-02,0.09,0.10,0.09,0.10,155000,0.10
2014-04-01,0.09,0.09,0.09,0.09,47000,0.09
2014-03-31,0.08,0.09,0.07,0.08,100400,0.08
2014-03-28,0.08,0.08,0.08,0.08,000,0.08
2014-03-27,0.07,0.08,0.07,0.08,82500,0.08
2014-03-26,0.09,0.09,0.07,0.07,75000,0.07
2014-03-25,0.06,0.09,0.06,0.09,55500,0.09
2014-03-24,0.05,0.05,0.05,0.05,000,0.05
2014-03-21,0.06,0.06,0.05,0.05,14600,0.05
2014-03-20,0.05,0.05,0.05,0.05,10000,0.05
2014-03-19,0.05,0.05,0.05,0.05,2000,0.05
2014-03-18,0.07,0.07,0.04,0.05,163800,0.05
2014-03-17,0.04,0.04,0.04,0.04,3200,0.04
2014-03-14,0.03,0.03,0.03,0.03,000,0.03
2014-03-13,0.03,0.03,0.03,0.03,000,0.03
2014-03-12,0.03,0.04,0.03,0.03,194600,0.03
2014-03-11,0.05,0.06,0.05,0.06,89000,0.06
2014-03-10,0.03,0.05,0.03,0.04,209900,0.04
2014-03-07,0.04,0.04,0.04,0.04,20300,0.04
2014-03-06,0.03,0.03,0.03,0.03,000,0.03
2014-03-05,0.05,0.05,0.03,0.03,13500,0.03
2014-03-04,0.05,0.05,0.03,0.03,21000,0.03
2014-03-03,0.05,0.05,0.03,0.03,25300,0.03
2014-02-28,0.04,0.04,0.04,0.04,39000,0.04
2014-02-27,0.02,0.02,0.02,0.02,000,0.02
2014-02-26,0.02,0.02,0.02,0.02,000,0.02
2014-02-25,0.02,0.02,0.02,0.02,800,0.02
2014-02-24,0.03,0.04,0.02,0.02,113000,0.02
2014-02-21,0.02,0.02,0.02,0.02,000,0.02
2014-02-20,0.02,0.02,0.02,0.02,000,0.02
2014-02-19,0.02,0.02,0.02,0.02,000,0.02
2014-02-18,0.02,0.02,0.02,0.02,000,0.02
2014-02-14,0.02,0.02,0.02,0.02,000,0.02
2014-02-13,0.02,0.02,0.02,0.02,000,0.02
2014-02-12,0.02,0.02,0.02,0.02,100,0.02
2014-02-11,0.02,0.02,0.02,0.02,000,0.02
2014-02-10,0.02,0.02,0.02,0.02,000,0.02
2014-02-07,0.02,0.02,0.02,0.02,000,0.02
2014-02-06,0.02,0.02,0.02,0.02,000,0.02
2014-02-05,0.02,0.02,0.02,0.02,000,0.02
2014-02-04,0.02,0.02,0.02,0.02,1000,0.02
2014-02-03,0.03,0.03,0.03,0.03,000,0.03
2014-01-31,0.03,0.03,0.03,0.03,000,0.03
2014-01-30,0.03,0.03,0.03,0.03,800,0.03
2014-01-29,0.03,0.03,0.03,0.03,10000,0.03
2014-01-28,0.03,0.03,0.03,0.03,000,0.03
2014-01-27,0.03,0.03,0.03,0.03,4600,0.03
2014-01-24,0.02,0.02,0.02,0.02,000,0.02
2014-01-23,0.02,0.02,0.02,0.02,000,0.02
2014-01-22,0.02,0.02,0.02,0.02,000,0.02
2014-01-21,0.02,0.02,0.02,0.02,000,0.02
2014-01-17,0.02,0.02,0.02,0.02,000,0.02
2014-01-16,0.02,0.02,0.02,0.02,106500,0.02
2014-01-15,0.02,0.02,0.02,0.02,000,0.02
2014-01-14,0.02,0.02,0.02,0.02,000,0.02
2014-01-13,0.02,0.02,0.02,0.02,000,0.02
2014-01-10,0.02,0.02,0.02,0.02,000,0.02
2014-01-09,0.02,0.02,0.02,0.02,000,0.02
2014-01-08,0.02,0.02,0.02,0.02,10000,0.02
2014-01-07,0.03,0.03,0.03,0.03,000,0.03
2014-01-06,0.03,0.03,0.03,0.03,000,0.03
2014-01-03,0.03,0.03,0.03,0.03,000,0.03
2014-01-02,0.03,0.03,0.03,0.03,000,0.03
2013-12-31,0.03,0.03,0.03,0.03,94600,0.03
2013-12-30,0.02,0.02,0.02,0.02,000,0.02
2013-12-27,0.02,0.02,0.02,0.02,000,0.02
2013-12-26,0.02,0.02,0.02,0.02,000,0.02
2013-12-24,0.02,0.02,0.02,0.02,11400,0.02
2013-12-23,0.02,0.02,0.02,0.02,000,0.02
2013-12-20,0.02,0.02,0.02,0.02,000,0.02
2013-12-19,0.02,0.02,0.02,0.02,53000,0.02
2013-12-18,0.02,0.02,0.02,0.02,10000,0.02
2013-12-17,0.03,0.03,0.03,0.03,10000,0.03
2013-12-16,0.03,0.03,0.03,0.03,000,0.03
2013-12-13,0.03,0.03,0.03,0.03,000,0.03
2013-12-12,0.03,0.03,0.03,0.03,000,0.03
2013-12-11,0.03,0.03,0.03,0.03,45000,0.03
2013-12-10,0.03,0.03,0.03,0.03,13000,0.03
2013-12-09,0.04,0.04,0.03,0.03,47500,0.03
2013-12-06,0.04,0.04,0.03,0.04,92500,0.04
2013-12-05,0.03,0.03,0.03,0.03,000,0.03
2013-12-04,0.03,0.03,0.03,0.03,000,0.03
2013-12-03,0.03,0.03,0.03,0.03,000,0.03
2013-12-02,0.03,0.03,0.03,0.03,000,0.03
2013-11-29,0.03,0.03,0.03,0.03,000,0.03
2013-11-27,0.04,0.04,0.03,0.03,32500,0.03
2013-11-26,0.08,0.08,0.08,0.08,000,0.08
2013-11-25,0.08,0.08,0.08,0.08,10000,0.08
2013-11-22,0.04,0.04,0.04,0.04,1600,0.04
2013-11-21,0.08,0.08,0.08,0.08,000,0.08
2013-11-20,0.08,0.08,0.08,0.08,000,0.08
2013-11-19,0.08,0.08,0.08,0.08,2500,0.08
2013-11-18,0.08,0.08,0.08,0.08,000,0.08
2013-11-15,0.08,0.08,0.07,0.08,34900,0.08
2013-11-14,0.06,0.08,0.06,0.08,89300,0.08
2013-11-13,0.05,0.06,0.05,0.06,150600,0.06
2013-11-12,0.04,0.04,0.04,0.04,000,0.04
2013-11-11,0.04,0.04,0.04,0.04,5000,0.04
2013-11-08,0.04,0.04,0.04,0.04,000,0.04
2013-11-07,0.04,0.04,0.04,0.04,000,0.04
2013-11-06,0.04,0.04,0.04,0.04,000,0.04
2013-11-05,0.04,0.04,0.04,0.04,000,0.04
2013-11-04,0.04,0.04,0.04,0.04,14000,0.04
2013-11-01,0.05,0.05,0.05,0.05,47000,0.05
2013-10-31,0.03,0.03,0.03,0.03,000,0.03
2013-10-30,0.03,0.03,0.03,0.03,000,0.03
2013-10-29,0.03,0.03,0.03,0.03,000,0.03
2013-10-28,0.03,0.03,0.03,0.03,000,0.03
2013-10-25,0.03,0.03,0.03,0.03,000,0.03
2013-10-24,0.03,0.03,0.03,0.03,000,0.03
2013-10-23,0.03,0.03,0.03,0.03,000,0.03
2013-10-22,0.03,0.03,0.03,0.03,000,0.03
2013-10-21,0.03,0.03,0.03,0.03,000,0.03
2013-10-18,0.03,0.03,0.03,0.03,9800,0.03
2013-10-17,0.03,0.03,0.03,0.03,4000,0.03
2013-10-16,0.03,0.03,0.03,0.03,000,0.03
2013-10-15,0.03,0.03,0.03,0.03,700,0.03
2013-10-14,0.03,0.03,0.03,0.03,000,0.03
2013-10-11,0.03,0.03,0.03,0.03,300,0.03
2013-10-10,0.03,0.03,0.03,0.03,000,0.03
2013-10-09,0.03,0.03,0.03,0.03,6100,0.03
2013-10-08,0.03,0.03,0.03,0.03,000,0.03
2013-10-07,0.03,0.03,0.03,0.03,5000,0.03
2013-10-04,0.03,0.03,0.03,0.03,000,0.03
2013-10-03,0.03,0.03,0.03,0.03,000,0.03
2013-10-02,0.03,0.03,0.03,0.03,000,0.03
2013-10-01,0.03,0.03,0.03,0.03,000,0.03
2013-09-30,0.03,0.03,0.03,0.03,000,0.03
2013-09-27,0.03,0.03,0.03,0.03,000,0.03
2013-09-26,0.03,0.03,0.03,0.03,1000,0.03
2013-09-25,0.03,0.03,0.03,0.03,12800,0.03
2013-09-24,0.03,0.03,0.03,0.03,000,0.03
2013-09-23,0.03,0.03,0.03,0.03,000,0.03
2013-09-20,0.03,0.03,0.03,0.03,000,0.03
2013-09-19,0.03,0.03,0.03,0.03,1300,0.03
2013-09-18,0.04,0.04,0.04,0.04,000,0.04
2013-09-17,0.04,0.04,0.04,0.04,000,0.04
2013-09-16,0.04,0.04,0.04,0.04,000,0.04
2013-09-13,0.04,0.04,0.04,0.04,000,0.04
2013-09-12,0.04,0.04,0.04,0.04,000,0.04
2013-09-11,0.04,0.04,0.04,0.04,145000,0.04
2013-09-10,0.03,0.03,0.03,0.03,000,0.03
2013-09-09,0.03,0.03,0.03,0.03,000,0.03
2013-09-06,0.03,0.03,0.03,0.03,000,0.03
2013-09-05,0.03,0.03,0.03,0.03,000,0.03
2013-09-04,0.03,0.03,0.03,0.03,000,0.03
2013-09-03,0.03,0.03,0.03,0.03,6500,0.03
2013-08-30,0.03,0.03,0.03,0.03,000,0.03
2013-08-29,0.03,0.03,0.03,0.03,000,0.03
2013-08-28,0.03,0.03,0.03,0.03,000,0.03
2013-08-27,0.03,0.03,0.03,0.03,000,0.03
2013-08-26,0.03,0.03,0.03,0.03,000,0.03
2013-08-23,0.03,0.03,0.03,0.03,000,0.03
2013-08-22,0.03,0.03,0.03,0.03,000,0.03
2013-08-21,0.03,0.03,0.03,0.03,000,0.03
2013-08-20,0.03,0.03,0.03,0.03,000,0.03
2013-08-19,0.03,0.03,0.03,0.03,1000,0.03
2013-08-16,0.03,0.03,0.03,0.03,000,0.03
2013-08-15,0.03,0.03,0.03,0.03,000,0.03
2013-08-14,0.03,0.03,0.03,0.03,6000,0.03
2013-08-13,0.03,0.03,0.03,0.03,000,0.03
2013-08-12,0.03,0.03,0.03,0.03,000,0.03
2013-08-09,0.03,0.03,0.03,0.03,000,0.03
2013-08-08,0.03,0.03,0.03,0.03,000,0.03
2013-08-07,0.03,0.03,0.03,0.03,000,0.03
2013-08-06,0.03,0.03,0.03,0.03,9200,0.03
2013-08-05,0.03,0.03,0.03,0.03,2500,0.03
2013-08-02,0.03,0.03,0.03,0.03,000,0.03
2013-08-01,0.03,0.03,0.03,0.03,000,0.03
2013-07-31,0.03,0.03,0.03,0.03,000,0.03
2013-07-30,0.03,0.03,0.03,0.03,5000,0.03
2013-07-29,0.03,0.03,0.03,0.03,000,0.03
2013-07-26,0.03,0.03,0.03,0.03,000,0.03
2013-07-25,0.03,0.03,0.03,0.03,000,0.03
2013-07-24,0.03,0.03,0.03,0.03,000,0.03
2013-07-23,0.03,0.03,0.03,0.03,26300,0.03
2013-07-22,0.05,0.05,0.05,0.05,000,0.05
2013-07-19,0.05,0.05,0.05,0.05,000,0.05
2013-07-18,0.05,0.05,0.05,0.05,000,0.05
2013-07-17,0.05,0.05,0.05,0.05,000,0.05
2013-07-16,0.05,0.05,0.05,0.05,000,0.05
2013-07-15,0.05,0.05,0.05,0.05,000,0.05
2013-07-12,0.05,0.05,0.05,0.05,000,0.05
2013-07-11,0.05,0.05,0.05,0.05,000,0.05
2013-07-10,0.05,0.05,0.05,0.05,000,0.05
2013-07-09,0.05,0.05,0.05,0.05,000,0.05
2013-07-08,0.05,0.05,0.05,0.05,10000,0.05
2013-07-05,0.06,0.06,0.06,0.06,000,0.06
2013-07-03,0.06,0.06,0.06,0.06,26300,0.06
2013-07-02,0.04,0.06,0.04,0.05,70000,0.05
2013-07-01,0.04,0.04,0.04,0.04,000,0.04
2013-06-28,0.04,0.04,0.04,0.04,000,0.04
2013-06-27,0.04,0.04,0.04,0.04,20000,0.04
2013-06-26,0.04,0.04,0.04,0.04,000,0.04
2013-06-25,0.04,0.04,0.04,0.04,1000,0.04
2013-06-24,0.04,0.04,0.04,0.04,000,0.04
2013-06-21,0.04,0.04,0.04,0.04,000,0.04
2013-06-20,0.04,0.04,0.04,0.04,25000,0.04
2013-06-19,0.04,0.04,0.04,0.04,000,0.04
2013-06-18,0.04,0.04,0.04,0.04,000,0.04
2013-06-17,0.04,0.04,0.04,0.04,000,0.04
2013-06-14,0.04,0.04,0.04,0.04,000,0.04
2013-06-13,0.04,0.04,0.04,0.04,000,0.04
2013-06-12,0.04,0.04,0.04,0.04,000,0.04
2013-06-11,0.04,0.04,0.04,0.04,000,0.04
2013-06-10,0.04,0.04,0.04,0.04,000,0.04
2013-06-07,0.04,0.04,0.04,0.04,000,0.04
2013-06-06,0.04,0.04,0.04,0.04,000,0.04
2013-06-05,0.04,0.04,0.04,0.04,4000,0.04
2013-06-04,0.04,0.04,0.04,0.04,000,0.04
2013-06-03,0.04,0.04,0.04,0.04,000,0.04
2013-05-31,0.04,0.04,0.04,0.04,000,0.04
2013-05-30,0.04,0.04,0.04,0.04,30000,0.04
2013-05-29,0.04,0.04,0.04,0.04,000,0.04
2013-05-28,0.04,0.04,0.04,0.04,200,0.04
2013-05-24,0.04,0.04,0.04,0.04,000,0.04
2013-05-23,0.04,0.04,0.04,0.04,000,0.04
2013-05-22,0.04,0.04,0.04,0.04,000,0.04
2013-05-21,0.04,0.04,0.04,0.04,1300,0.04
2013-05-20,0.04,0.04,0.04,0.04,13100,0.04
2013-05-17,0.04,0.04,0.04,0.04,000,0.04
2013-05-16,0.04,0.04,0.04,0.04,000,0.04
2013-05-15,0.04,0.05,0.04,0.04,92400,0.04
2013-05-14,0.04,0.04,0.04,0.04,000,0.04
2013-05-13,0.04,0.04,0.04,0.04,10000,0.04
2013-05-10,0.05,0.05,0.05,0.05,10000,0.05
2013-05-09,0.05,0.05,0.04,0.04,25600,0.04
2013-05-08,0.05,0.05,0.05,0.05,100,0.05
2013-05-07,0.05,0.05,0.05,0.05,20400,0.05
2013-05-06,0.05,0.05,0.05,0.05,12500,0.05
2013-05-03,0.05,0.05,0.05,0.05,8600,0.05
2013-05-02,0.05,0.05,0.05,0.05,30000,0.05
2013-05-01,0.05,0.05,0.05,0.05,59100,0.05
2013-04-30,0.05,0.05,0.05,0.05,85700,0.05
2013-04-29,0.05,0.05,0.05,0.05,10000,0.05
2013-04-26,0.07,0.07,0.07,0.07,000,0.07
2013-04-25,0.07,0.07,0.07,0.07,4800,0.07
2013-04-24,0.05,0.05,0.05,0.05,000,0.05
2013-04-23,0.05,0.05,0.05,0.05,25100,0.05
2013-04-22,0.05,0.05,0.05,0.05,200,0.05
2013-04-19,0.05,0.05,0.05,0.05,000,0.05
2013-04-18,0.05,0.05,0.05,0.05,10000,0.05
2013-04-17,0.05,0.05,0.05,0.05,900,0.05
2013-04-16,0.05,0.05,0.05,0.05,10000,0.05
2013-04-15,0.06,0.06,0.06,0.06,2000,0.06
2013-04-12,0.05,0.05,0.05,0.05,000,0.05
2013-04-11,0.05,0.05,0.05,0.05,26700,0.05
2013-04-10,0.05,0.05,0.05,0.05,31500,0.05
2013-04-09,0.05,0.05,0.05,0.05,23800,0.05
2013-04-08,0.05,0.05,0.05,0.05,000,0.05
2013-04-05,0.06,0.06,0.05,0.05,34000,0.05
2013-04-04,0.06,0.06,0.06,0.06,14500,0.06
2013-04-03,0.06,0.06,0.06,0.06,000,0.06
2013-04-02,0.06,0.06,0.06,0.06,10000,0.06
2013-04-01,0.07,0.07,0.06,0.06,38100,0.06
2013-03-28,0.07,0.07,0.07,0.07,000,0.07
2013-03-27,0.07,0.07,0.07,0.07,1200,0.07
2013-03-26,0.07,0.07,0.07,0.07,000,0.07
2013-03-25,0.07,0.07,0.07,0.07,10000,0.07
2013-03-22,0.07,0.07,0.07,0.07,000,0.07
2013-03-21,0.07,0.07,0.07,0.07,25000,0.07
2013-03-20,0.07,0.07,0.07,0.07,000,0.07
2013-03-19,0.06,0.07,0.06,0.07,90000,0.07
2013-03-18,0.08,0.08,0.07,0.07,24700,0.07
2013-03-15,0.06,0.08,0.06,0.08,31700,0.08
2013-03-14,0.06,0.07,0.06,0.07,46800,0.07
2013-03-13,0.08,0.08,0.08,0.08,000,0.08
2013-03-12,0.08,0.08,0.08,0.08,000,0.08
2013-03-11,0.08,0.08,0.08,0.08,15000,0.08
2013-03-08,0.08,0.08,0.08,0.08,4900,0.08
2013-03-07,0.06,0.06,0.06,0.06,3000,0.06
2013-03-06,0.08,0.08,0.07,0.07,27500,0.07
2013-03-05,0.08,0.08,0.07,0.08,79300,0.08
2013-03-04,0.08,0.08,0.08,0.08,46500,0.08
2013-03-01,0.08,0.11,0.08,0.11,15000,0.11
2013-02-28,0.10,0.10,0.09,0.09,47800,0.09
2013-02-27,0.10,0.12,0.10,0.12,8500,0.12
2013-02-26,0.13,0.13,0.10,0.12,171500,0.12
2013-02-25,0.13,0.14,0.13,0.13,126000,0.13
2013-02-22,0.16,0.16,0.13,0.16,10800,0.16
2013-02-21,0.16,0.16,0.16,0.16,000,0.16
2013-02-20,0.16,0.16,0.16,0.16,6900,0.16
2013-02-19,0.17,0.17,0.16,0.16,49300,0.16
2013-02-15,0.17,0.17,0.17,0.17,000,0.17
2013-02-14,0.15,0.17,0.15,0.17,38800,0.17
2013-02-13,0.17,0.17,0.15,0.17,39100,0.17
2013-02-12,0.17,0.17,0.16,0.17,23400,0.17
2013-02-11,0.16,0.17,0.15,0.17,188800,0.17
2013-02-08,0.16,0.18,0.15,0.16,146200,0.16
2013-02-07,0.11,0.14,0.11,0.14,134100,0.14
2013-02-06,0.18,0.18,0.12,0.12,69600,0.12
2013-02-05,0.18,0.19,0.17,0.18,53300,0.18
2013-02-04,0.19,0.19,0.19,0.19,35600,0.19
2013-02-01,0.19,0.19,0.19,0.19,30500,0.19
2013-01-31,0.22,0.22,0.22,0.22,000,0.22
2013-01-30,0.20,0.22,0.19,0.22,48800,0.22
2013-01-29,0.20,0.22,0.19,0.22,47000,0.22
2013-01-28,0.19,0.23,0.19,0.20,46600,0.20
2013-01-25,0.19,0.22,0.19,0.19,27800,0.19
2013-01-24,0.23,0.23,0.19,0.19,45900,0.19
2013-01-23,0.23,0.23,0.20,0.23,14400,0.23
2013-01-22,0.20,0.25,0.20,0.24,41100,0.24
2013-01-18,0.25,0.25,0.20,0.25,15000,0.25
2013-01-17,0.21,0.25,0.21,0.25,15300,0.25
2013-01-16,0.23,0.23,0.21,0.21,47800,0.21
2013-01-15,0.31,0.31,0.21,0.21,89700,0.21
2013-01-14,0.32,0.32,0.31,0.32,8800,0.32
2013-01-11,0.32,0.32,0.30,0.32,36500,0.32
2013-01-10,0.31,0.31,0.26,0.31,75000,0.31
2013-01-09,0.44,0.45,0.24,0.24,396100,0.24
2013-01-08,0.42,0.44,0.42,0.44,10200,0.44
2013-01-07,0.43,0.44,0.39,0.44,83800,0.44
2013-01-04,0.38,0.43,0.37,0.43,43000,0.43
2013-01-03,0.33,0.38,0.30,0.38,50800,0.38
2013-01-02,0.38,0.38,0.33,0.38,8800,0.38
2012-12-31,0.38,0.38,0.31,0.38,10900,0.38
2012-12-28,0.35,0.38,0.32,0.38,17500,0.38
2012-12-27,0.40,0.40,0.35,0.38,7600,0.38
2012-12-26,0.40,0.40,0.40,0.40,300,0.40
2012-12-24,0.40,0.40,0.38,0.40,10800,0.40
2012-12-21,0.42,0.42,0.40,0.40,3700,0.40
2012-12-20,0.40,0.43,0.38,0.42,23000,0.42
2012-12-19,0.41,0.42,0.32,0.40,84200,0.40
2012-12-18,0.46,0.46,0.46,0.46,700,0.46
2012-12-17,0.42,0.49,0.41,0.48,37200,0.48
2012-12-14,0.48,0.48,0.35,0.47,128500,0.47
2012-12-13,0.50,0.51,0.50,0.51,6700,0.51
2012-12-12,0.50,0.52,0.48,0.50,45000,0.50
2012-12-11,0.47,0.50,0.43,0.50,41900,0.50
2012-12-10,0.47,0.47,0.40,0.47,102500,0.47
2012-12-07,0.40,0.47,0.40,0.47,69700,0.47
2012-12-06,0.50,0.50,0.37,0.47,68100,0.47
2012-12-05,0.46,0.51,0.46,0.48,42700,0.48
2012-12-04,0.50,0.51,0.45,0.48,141800,0.48
2012-12-03,0.50,0.51,0.44,0.50,79600,0.50
2012-11-30,0.46,0.51,0.36,0.50,25700,0.50
2012-11-29,0.45,0.47,0.42,0.46,97700,0.46
2012-11-28,0.44,0.45,0.38,0.45,49400,0.45
2012-11-27,0.47,0.47,0.36,0.45,33700,0.45
2012-11-26,0.42,0.45,0.40,0.45,67000,0.45
2012-11-23,0.38,0.42,0.38,0.42,29700,0.42
2012-11-21,0.38,0.38,0.35,0.38,35600,0.38
2012-11-20,0.40,0.42,0.29,0.35,184400,0.35
2012-11-19,0.44,0.45,0.36,0.40,70500,0.40
2012-11-16,0.49,0.49,0.34,0.45,126400,0.45
2012-11-15,0.44,0.53,0.41,0.47,80700,0.47
2012-11-14,0.67,0.67,0.36,0.40,232400,0.40
2012-11-13,0.66,0.69,0.56,0.67,133200,0.67
2012-11-12,0.62,0.67,0.61,0.66,62500,0.66
2012-11-09,0.61,0.62,0.61,0.62,5800,0.62
2012-11-08,0.62,0.67,0.55,0.61,75700,0.61
2012-11-07,0.66,0.67,0.54,0.67,92200,0.67
2012-11-06,0.64,0.68,0.59,0.66,155000,0.66
2012-11-05,0.57,0.64,0.44,0.64,312500,0.64
2012-11-02,0.66,0.67,0.55,0.60,142600,0.60
2012-11-01,0.74,0.74,0.65,0.66,142000,0.66
2012-10-31,0.77,0.79,0.65,0.73,192900,0.73
2012-10-26,0.68,0.78,0.67,0.73,210200,0.73
2012-10-25,0.66,0.72,0.65,0.68,151200,0.68
2012-10-24,0.64,0.69,0.62,0.68,284200,0.68
2012-10-23,0.74,0.76,0.61,0.65,850900,0.65
2012-10-22,0.64,0.74,0.62,0.74,557500,0.74
2012-10-19,0.60,0.66,0.58,0.64,380500,0.64
2012-10-18,0.47,0.60,0.41,0.58,950300,0.58
2012-10-17,0.34,0.53,0.28,0.51,842000,0.51
2012-10-16,0.53,0.54,0.37,0.37,469100,0.37
2012-10-15,0.38,0.54,0.37,0.54,1164800,0.54
2012-10-12,0.30,0.38,0.30,0.38,1044600,0.38
2012-10-11,0.26,0.33,0.25,0.30,639000,0.30
2012-10-10,0.27,0.27,0.23,0.26,196600,0.26
2012-10-09,0.27,0.29,0.23,0.28,783700,0.28
2012-10-08,0.21,0.27,0.21,0.27,938300,0.27
2012-10-05,0.17,0.21,0.17,0.21,502500,0.21
2012-10-04,0.13,0.18,0.13,0.18,1094300,0.18
2012-10-03,0.12,0.13,0.12,0.13,670100,0.13
2012-10-02,0.11,0.13,0.11,0.12,610300,0.12
2012-10-01,0.12,0.13,0.11,0.11,308900,0.11
2012-09-28,0.13,0.13,0.10,0.12,124900,0.12
2012-09-27,0.11,0.13,0.10,0.13,766000,0.13
2012-09-26,0.08,0.11,0.07,0.11,682900,0.11
2012-09-25,0.06,0.11,0.05,0.09,2458000,0.09
2012-09-24,0.07,0.07,0.04,0.04,69900,0.04
2012-09-21,0.06,0.06,0.06,0.06,000,0.06
2012-09-20,0.06,0.06,0.06,0.06,37500,0.06
2012-09-19,0.07,0.07,0.07,0.07,000,0.07
2012-09-18,0.07,0.07,0.07,0.07,000,0.07
2012-09-17,0.07,0.07,0.07,0.07,000,0.07
2012-09-14,0.07,0.07,0.07,0.07,000,0.07
2012-09-13,0.07,0.07,0.07,0.07,8400,0.07
2012-09-12,0.07,0.07,0.07,0.07,000,0.07
2012-09-11,0.07,0.07,0.07,0.07,2000,0.07
2012-09-10,0.06,0.06,0.06,0.06,000,0.06
2012-09-07,0.06,0.06,0.06,0.06,000,0.06
2012-09-06,0.06,0.06,0.06,0.06,2000,0.06
2012-09-05,0.02,0.02,0.02,0.02,200,0.02
2012-09-04,0.05,0.05,0.05,0.05,1600,0.05
2012-08-31,0.10,0.10,0.10,0.10,000,0.10
2012-08-30,0.10,0.10,0.10,0.10,000,0.10
2012-08-29,0.10,0.10,0.10,0.10,000,0.10
2012-08-28,0.10,0.10,0.10,0.10,000,0.10
2012-08-27,0.10,0.10,0.10,0.10,000,0.10
2012-08-24,0.10,0.10,0.10,0.10,000,0.10
2012-08-23,0.10,0.10,0.10,0.10,000,0.10
2012-08-22,0.10,0.10,0.10,0.10,000,0.10
2012-08-21,0.15,0.15,0.10,0.10,73000,0.10
2012-08-20,0.07,0.07,0.07,0.07,1000,0.07
2012-08-17,0.07,0.07,0.07,0.07,000,0.07
2012-08-16,0.07,0.07,0.07,0.07,000,0.07
2012-08-15,0.07,0.07,0.07,0.07,20000,0.07
2012-08-14,0.08,0.08,0.08,0.08,10000,0.08
2012-08-13,0.08,0.08,0.08,0.08,000,0.08
2012-08-10,0.08,0.08,0.08,0.08,35000,0.08
2012-08-09,0.05,0.05,0.05,0.05,000,0.05
2012-08-08,0.05,0.05,0.05,0.05,000,0.05
2012-08-07,0.05,0.05,0.05,0.05,000,0.05
2012-08-06,0.05,0.05,0.05,0.05,000,0.05
2012-08-03,0.05,0.05,0.05,0.05,5000,0.05
2012-08-02,0.05,0.05,0.05,0.05,000,0.05
2012-08-01,0.05,0.05,0.05,0.05,5000,0.05
2012-07-31,0.07,0.07,0.05,0.05,94000,0.05
2012-07-30,0.05,0.05,0.05,0.05,000,0.05
2012-07-27,0.05,0.05,0.05,0.05,000,0.05
2012-07-26,0.05,0.05,0.05,0.05,200,0.05
2012-07-25,0.05,0.05,0.05,0.05,45000,0.05
2012-07-24,0.05,0.05,0.05,0.05,5000,0.05
2012-07-23,0.06,0.06,0.05,0.05,10000,0.05
2012-07-20,0.06,0.06,0.06,0.06,45000,0.06
2012-07-19,0.07,0.07,0.05,0.05,150000,0.05
2012-07-18,0.07,0.07,0.07,0.07,4400,0.07
2012-07-17,0.05,0.13,0.04,0.07,90300,0.07
2012-07-16,0.05,0.05,0.05,0.05,47400,0.05
2012-07-13,0.06,0.06,0.06,0.06,000,0.06
2012-07-12,0.06,0.06,0.06,0.06,000,0.06
2012-07-11,0.05,0.06,0.05,0.06,110000,0.06
2012-07-10,0.05,0.05,0.05,0.05,40000,0.05
2012-07-09,0.05,0.05,0.05,0.05,2500,0.05
2012-07-06,0.06,0.06,0.06,0.06,000,0.06
2012-07-05,0.06,0.06,0.06,0.06,10000,0.06
2012-07-03,0.06,0.08,0.06,0.08,20000,0.08
2012-07-02,0.06,0.08,0.06,0.08,20000,0.08
2012-06-29,0.03,0.03,0.03,0.03,000,0.03
2012-06-28,0.03,0.03,0.03,0.03,000,0.03
2012-06-27,0.03,0.03,0.03,0.03,000,0.03
2012-06-26,0.03,0.03,0.03,0.03,9000,0.03
2012-06-25,0.06,0.06,0.06,0.06,000,0.06
2012-06-22,0.06,0.06,0.06,0.06,000,0.06
2012-06-21,0.08,0.08,0.06,0.06,24900,0.06
2012-06-20,0.10,0.10,0.10,0.10,000,0.10
2012-06-19,0.10,0.10,0.10,0.10,000,0.10
2012-06-18,0.10,0.10,0.10,0.10,000,0.10
2012-06-15,0.10,0.10,0.10,0.10,000,0.10
2012-06-14,0.10,0.10,0.08,0.10,42100,0.10
2012-06-13,0.10,0.10,0.10,0.10,000,0.10
2012-06-12,0.10,0.10,0.10,0.10,000,0.10
2012-06-11,0.10,0.10,0.10,0.10,000,0.10
2012-06-08,0.10,0.10,0.10,0.10,000,0.10
2012-06-07,0.10,0.10,0.10,0.10,8000,0.10
2012-06-06,0.19,0.19,0.19,0.19,000,0.19
2012-06-05,0.19,0.19,0.19,0.19,000,0.19
2012-06-04,0.19,0.19,0.19,0.19,000,0.19
2012-06-01,0.19,0.19,0.19,0.19,700,0.19
2012-05-31,0.16,0.16,0.16,0.16,1000,0.16
2012-05-30,0.11,0.11,0.11,0.11,000,0.11
2012-05-29,0.11,0.11,0.11,0.11,000,0.11
2012-05-25,0.07,0.11,0.07,0.11,1700,0.11
2012-05-24,0.11,0.11,0.11,0.11,000,0.11
2012-05-23,0.11,0.11,0.11,0.11,3000,0.11
2012-05-22,0.11,0.11,0.11,0.11,7000,0.11
2012-05-21,0.10,0.10,0.08,0.08,5600,0.08
2012-05-18,0.15,0.15,0.07,0.08,28000,0.08
2012-05-17,0.16,0.16,0.16,0.16,10000,0.16
2012-05-16,0.08,0.08,0.08,0.08,20000,0.08
2012-05-15,0.08,0.20,0.02,0.08,49700,0.08
2012-05-14,0.13,0.13,0.13,0.13,000,0.13
2012-05-11,0.13,0.13,0.13,0.13,000,0.13
2012-05-10,0.13,0.13,0.13,0.13,000,0.13
2012-05-09,0.13,0.13,0.13,0.13,000,0.13
2012-05-08,0.13,0.13,0.13,0.13,2000,0.13
2012-05-07,0.13,0.19,0.10,0.12,47300,0.12
2012-05-04,0.18,0.18,0.18,0.18,1200,0.18
2012-05-03,0.19,0.19,0.19,0.19,000,0.19
2012-05-02,0.18,0.19,0.15,0.19,5000,0.19
2012-05-01,0.16,0.16,0.16,0.16,7800,0.16
2012-04-30,0.16,0.16,0.16,0.16,800,0.16
2012-04-27,0.17,0.26,0.17,0.17,13000,0.17
2012-04-26,0.27,0.27,0.27,0.27,100,0.27
2012-04-25,0.24,0.24,0.24,0.24,000,0.24
2012-04-24,0.20,0.24,0.20,0.24,39300,0.24
2012-04-23,0.22,0.28,0.17,0.20,33800,0.20
2012-04-20,0.28,0.28,0.28,0.28,1200,0.28
2012-04-19,0.23,0.23,0.23,0.23,000,0.23
2012-04-18,0.28,0.31,0.23,0.23,32000,0.23
2012-04-17,0.22,0.25,0.22,0.22,15000,0.22
2012-04-16,0.35,0.35,0.35,0.35,400,0.35
2012-04-13,0.22,0.30,0.22,0.30,13000,0.30
2012-04-12,0.22,0.25,0.22,0.25,21800,0.25
2012-04-11,0.31,0.31,0.25,0.29,19200,0.29
2012-04-10,0.19,0.31,0.19,0.30,118000,0.30
2012-04-09,0.15,0.20,0.15,0.19,21900,0.19
2012-04-05,0.24,0.24,0.24,0.24,000,0.24
2012-04-04,0.25,0.25,0.24,0.24,20200,0.24
2012-04-03,0.28,0.28,0.28,0.28,000,0.28
2012-04-02,0.10,0.28,0.10,0.28,600,0.28
2012-03-30,0.21,0.30,0.19,0.30,9900,0.30
2012-03-29,0.21,0.29,0.21,0.29,31800,0.29
2012-03-28,0.23,0.23,0.23,0.23,000,0.23
2012-03-27,0.23,0.23,0.23,0.23,600,0.23
2012-03-26,0.23,0.23,0.23,0.23,000,0.23
2012-03-23,0.21,0.25,0.21,0.23,28600,0.23
2012-03-22,0.21,0.21,0.21,0.21,1100,0.21
2012-03-21,0.30,0.30,0.21,0.30,8400,0.30
2012-03-20,0.22,0.30,0.22,0.30,1700,0.30
2012-03-19,0.24,0.25,0.24,0.25,5800,0.25
2012-03-16,0.27,0.27,0.27,0.27,000,0.27
2012-03-15,0.21,0.27,0.21,0.27,13300,0.27
2012-03-14,0.25,0.28,0.25,0.27,5100,0.27
2012-03-13,0.26,0.27,0.21,0.27,7100,0.27
2012-03-12,0.25,0.25,0.25,0.25,5200,0.25
2012-03-09,0.25,0.25,0.25,0.25,9800,0.25
2012-03-08,0.25,0.27,0.20,0.27,2700,0.27
2012-03-07,0.26,0.26,0.25,0.25,5200,0.25
2012-03-06,0.29,0.30,0.18,0.30,14600,0.30
2012-03-05,0.27,0.27,0.27,0.27,13400,0.27
2012-03-02,0.28,0.28,0.27,0.27,5500,0.27
2012-03-01,0.26,0.26,0.26,0.26,5500,0.26
2012-02-29,0.27,0.28,0.26,0.26,59500,0.26
2012-02-28,0.25,0.28,0.22,0.27,32100,0.27
2012-02-27,0.27,0.27,0.22,0.25,9600,0.25
2012-02-24,0.27,0.27,0.27,0.27,11700,0.27
2012-02-23,0.28,0.28,0.28,0.28,800,0.28
2012-02-22,0.33,0.33,0.25,0.30,34200,0.30
